"id"	"z1"	"z2"	"A"	"s1"	"s2"	"t1"	"t2"
1	-0.56450122082606	-0.276426224038005	1	1	3	0	0.28873185390906
1	-0.56450122082606	-0.276426224038005	1	3	3	0.28873185390906	0.966704343945216
2	0.077766623813659	0.375516006723046	-1	1	3	0	0.290131889019357
2	0.077766623813659	0.375516006723046	-1	3	3	0.290131889019357	1.5126108337728
3	0.11765949614346	-0.277848860248923	-1	1	3	0	0.205142885680938
3	0.11765949614346	-0.277848860248923	-1	3	3	0.205142885680938	7.06766979201807
4	-0.0467066122218966	0.00975764356553555	1	1	3	0	0.257158607863602
4	-0.0467066122218966	0.00975764356553555	1	3	3	0.257158607863602	3.07559040303464
5	-0.628084173891693	-0.753682229667902	-1	1	3	0	0.234783048526282
5	-0.628084173891693	-0.753682229667902	-1	3	3	0.234783048526282	6.31763250698445
6	-0.52060748776421	0.840339306741953	-1	1	3	0	0.493703095434901
6	-0.52060748776421	0.840339306741953	-1	3	3	0.493703095434901	2.51853801082362
7	-0.13287376658991	-0.913264865987003	1	1	3	0	0.169231122293709
7	-0.13287376658991	-0.913264865987003	1	3	3	0.169231122293709	10.1296938501589
8	-0.0564529066905379	0.650960090570152	1	1	3	0	0.356084270060403
8	-0.0564529066905379	0.650960090570152	1	3	3	0.356084270060403	5.73658595536814
9	0.263471986167133	0.804733030963689	1	1	3	0	0.327697668277217
9	0.263471986167133	0.804733030963689	1	3	3	0.327697668277217	11.1481500185378
10	-0.615989851299673	0.206523444503546	-1	1	3	0	0.377178128693827
10	-0.615989851299673	0.206523444503546	-1	3	3	0.377178128693827	7.44906934638898
11	-0.232663589995354	-0.045519826002419	1	1	3	0	0.2745223833431
11	-0.232663589995354	-0.045519826002419	1	3	3	0.2745223833431	3.03372011876648
12	0.530794980935752	-0.535765038337559	1	1	3	0	0.146669375622288
12	0.530794980935752	-0.535765038337559	1	3	3	0.146669375622288	9.95048816064373
13	-0.0129512241110206	-0.678899512160569	-1	1	3	0	0.179197181796919
13	-0.0129512241110206	-0.678899512160569	-1	3	3	0.179197181796919	4.65123088889044
14	0.410783928819001	-0.356007784139365	-1	1	3	0	0.170385763161503
14	0.410783928819001	-0.356007784139365	-1	3	3	0.170385763161503	0.67537970493709
15	-0.881789147853851	-0.0994249545037746	-1	1	3	0	0.36968194007659
15	-0.881789147853851	-0.0994249545037746	-1	3	3	0.36968194007659	6.73475111450663
16	0.595487592276186	0.612460969947278	-1	1	3	0	0.252130700717452
16	0.595487592276186	0.612460969947278	-1	3	3	0.252130700717452	9.92227731827905
17	0.607130190357566	-0.15634375018999	1	1	3	0	0.170668648325885
17	0.607130190357566	-0.15634375018999	1	3	3	0.170668648325885	4.07028604185195
18	-0.631228089798242	0.197916178964078	-1	1	3	0	0.37843073302883
18	-0.631228089798242	0.197916178964078	-1	3	3	0.37843073302883	15.3702023727612
19	-0.964394339360297	0.155674031935632	1	1	3	0	0.43768308729822
19	-0.964394339360297	0.155674031935632	1	3	3	0.43768308729822	7.19862913030515
20	-0.969667285680771	0.520365518052131	-1	1	3	0	0.526618996208793
20	-0.969667285680771	0.520365518052131	-1	3	3	0.526618996208793	2.03988905860351
21	-0.848876856267452	0.709226085338742	-1	1	3	0	0.544851014098892
21	-0.848876856267452	0.709226085338742	-1	3	3	0.544851014098892	29.5929015164009
22	0.850458046421409	0.362627087160945	1	1	3	0	0.195888464431499
22	0.850458046421409	0.362627087160945	1	3	3	0.195888464431499	5.04823955652166
23	-0.42652942892164	0.977425454650074	1	1	3	0	0.504434681495381
23	-0.42652942892164	0.977425454650074	1	3	3	0.504434681495381	2.9825284955423
24	0.988551622256637	-0.0612959484569728	1	1	3	0	0.14790011281649
24	0.988551622256637	-0.0612959484569728	1	3	3	0.14790011281649	0.790379795939312
25	0.554904646705836	0.423048958182335	1	1	3	0	0.234049603485562
25	0.554904646705836	0.423048958182335	1	3	3	0.234049603485562	2.0855033272502
26	0.703272649552673	-0.384310155175626	-1	1	3	0	0.145135750602214
26	0.703272649552673	-0.384310155175626	-1	3	3	0.145135750602214	2.68352276364314
27	0.00996976066380739	0.0425914982333779	-1	1	3	0	0.254111154299959
27	0.00996976066380739	0.0425914982333779	-1	3	3	0.254111154299959	5.48790940913962
28	-0.0113572026602924	0.170211884658784	-1	1	1	0	0.0405364938439471
29	-0.477800735272467	-0.425565578509122	-1	1	3	0	0.256615407768975
29	-0.477800735272467	-0.425565578509122	-1	3	3	0.256615407768975	11.4500668704586
30	0.09932541847229	0.41323014954105	-1	1	3	0	0.292484970778108
30	0.09932541847229	0.41323014954105	-1	3	3	0.292484970778108	2.52845194685391
31	-0.0092961760237813	0.675625038333237	1	1	3	0	0.352102217842545
31	-0.0092961760237813	0.675625038333237	1	3	3	0.352102217842545	5.4185789709561
32	-0.870611556340009	0.122485539875925	-1	1	3	0	0.410760149368842
32	-0.870611556340009	0.122485539875925	-1	3	3	0.410760149368842	0.69056380572914
33	-0.709364526905119	-0.505120392423123	-1	1	3	0	0.276879663805906
33	-0.709364526905119	-0.505120392423123	-1	3	3	0.276879663805906	5.19076697170171
34	0.295527602545917	0.380978501401842	1	1	3	0	0.260912830111448
34	0.295527602545917	0.380978501401842	1	3	3	0.260912830111448	0.419137508894594
35	0.0627662129700184	-0.0559993358328938	-1	1	3	0	0.235586498547476
35	0.0627662129700184	-0.0559993358328938	-1	3	3	0.235586498547476	3.18403981459847
36	0.986504742875695	0.0765101467259228	-1	1	3	0	0.15861242054536
36	0.986504742875695	0.0765101467259228	-1	3	3	0.15861242054536	11.8895770814322
37	-0.9537259535864	-0.583961299620569	-1	1	3	0	0.300769215528438
37	-0.9537259535864	-0.583961299620569	-1	3	3	0.300769215528438	0.627217410157944
38	0.971758976578712	0.561679385136813	1	1	3	0	0.203653724394802
38	0.971758976578712	0.561679385136813	1	3	3	0.203653724394802	4.06256959449134
39	0.890566697809845	0.768302373588085	-1	1	2	0	0.179065927031958
39	0.890566697809845	0.768302373588085	-1	2	3	0.179065927031958	2.47091796841334
39	0.890566697809845	0.768302373588085	-1	3	3	2.47091796841334	11.1451974648567
40	0.121872293762863	-0.0348154967650771	1	1	3	0	0.231161597586654
40	0.121872293762863	-0.0348154967650771	1	3	3	0.231161597586654	1.21523461466752
41	-0.964266238734126	0.0995111418887973	-1	1	1	0	0.0389980807600083
42	0.160409212112427	0.599237161688507	1	1	3	0	0.31133667803318
42	0.160409212112427	0.599237161688507	1	3	3	0.31133667803318	2.75103880192352
43	-0.901303090155125	-0.74272768618539	1	1	2	0	0.209141740147417
43	-0.901303090155125	-0.74272768618539	1	2	3	0.209141740147417	2.80154569211548
43	-0.901303090155125	-0.74272768618539	1	3	3	2.80154569211548	7.72952452632748
44	0.739428518805653	0.70209340006113	1	1	3	0	0.245376400087578
44	0.739428518805653	0.70209340006113	1	3	3	0.245376400087578	3.20402939546166
45	-0.59811490168795	0.985028117429465	-1	1	3	0	0.551715451756934
45	-0.59811490168795	0.985028117429465	-1	3	3	0.551715451756934	20.0788893181023
46	-0.636701480485499	0.592864159494638	1	1	3	0	0.462313733684507
46	-0.636701480485499	0.592864159494638	1	3	3	0.462313733684507	1.51957028825922
47	0.926217503845692	0.957810072693974	-1	1	2	0	0.154396502767812
47	0.926217503845692	0.957810072693974	-1	2	2	0.154396502767812	0.515417836482219
48	-0.181055610068142	-0.780530950985849	-1	1	1	0	0.0011331448196471
49	0.297902377787977	0.0671760723926127	-1	1	3	0	0.222760625164141
49	0.297902377787977	0.0671760723926127	-1	3	3	0.222760625164141	2.20902334251415
50	-0.558796680532396	0.995311514940113	1	1	3	0	0.543763829475974
50	-0.558796680532396	0.995311514940113	1	3	3	0.543763829475974	0.647258385597328
51	-0.797411670908332	-0.168147492222488	-1	1	3	0	0.342438817670029
51	-0.797411670908332	-0.168147492222488	-1	3	3	0.342438817670029	3.73240385271093
52	-0.392914407420903	-0.843972758390009	-1	1	3	0	0.1995234438339
52	-0.392914407420903	-0.843972758390009	-1	3	3	0.1995234438339	3.6109194076848
53	-0.561065487097949	0.867863651365042	-1	1	3	0	0.510773113694995
53	-0.561065487097949	0.867863651365042	-1	3	3	0.510773113694995	5.18933429811116
54	-0.741582271642983	0.565909767523408	-1	1	3	0	0.480682484834741
54	-0.741582271642983	0.565909767523408	-1	3	3	0.480682484834741	1.88299524445653
55	-0.549678917508572	0.747105620801449	-1	1	3	0	0.478115907313892
55	-0.549678917508572	0.747105620801449	-1	3	3	0.478115907313892	6.83725678654893
56	0.802393056917936	-0.130711628124118	1	1	3	0	0.156790195198789
56	0.802393056917936	-0.130711628124118	1	3	3	0.156790195198789	3.13463454460839
57	0.761960310861468	0.0998930889181793	1	1	3	0	0.179545257468168
57	0.761960310861468	0.0998930889181793	1	3	3	0.179545257468168	9.71650303302322
58	0.502084126695991	0.486998680979013	1	1	1	0	0.117755066758747
59	-0.355050827842206	-0.0741612673737109	-1	1	3	0	0.287696382925706
59	-0.355050827842206	-0.0741612673737109	-1	3	3	0.287696382925706	0.805206981733235
60	-0.794034693855792	0.109012275934219	1	1	3	0	0.392675826592801
60	-0.794034693855792	0.109012275934219	1	3	3	0.392675826592801	11.645869512669
61	0.108106561005116	-0.015522769652307	-1	1	3	0	0.235014273954988
61	0.108106561005116	-0.015522769652307	-1	3	3	0.235014273954988	6.20898886126523
62	-0.307364426553249	0.44301773654297	1	1	3	0	0.363817365798581
62	-0.307364426553249	0.44301773654297	1	3	3	0.363817365798581	1.60142390374824
63	0.882436997257173	0.708613196853548	-1	1	2	0	0.186754175899322
63	0.882436997257173	0.708613196853548	-1	2	2	0.186754175899322	1.27713680664753
64	-0.581739907618612	0.180372463073581	1	1	3	0	0.365957462221489
64	-0.581739907618612	0.180372463073581	1	3	3	0.365957462221489	3.81499698805997
65	0.039952255319804	0.157868762500584	1	1	3	0	0.265182739526695
65	0.039952255319804	0.157868762500584	1	3	3	0.265182739526695	7.77836863878782
66	0.506783020216972	0.289341201540083	-1	1	3	0	0.224245180377706
66	0.506783020216972	0.289341201540083	-1	3	3	0.224245180377706	2.88268638877442
67	0.684541177470237	-0.338086612056941	1	1	3	0	0.149926777228093
67	0.684541177470237	-0.338086612056941	1	3	3	0.149926777228093	8.08797415528342
68	-0.968428104650229	0.0590548496693373	1	1	1	0	0.314812479049692
69	-0.671315458603203	-0.147380407433957	1	1	3	0	0.324871085437469
69	-0.671315458603203	-0.147380407433957	1	3	3	0.324871085437469	7.65888685912582
70	-0.834964637644589	0.463888503145427	1	1	3	0	0.478610679017074
70	-0.834964637644589	0.463888503145427	1	3	3	0.478610679017074	1.16753724135464
71	0.031142367515713	0.380369736347347	-1	1	3	0	0.297696527128367
71	0.031142367515713	0.380369736347347	-1	3	3	0.297696527128367	8.2085555653016
72	0.780782468616962	-0.342520428821445	-1	1	3	0	0.142566629966916
72	0.780782468616962	-0.342520428821445	-1	3	3	0.142566629966916	0.287003823673885
73	-0.256513151340187	0.674273940734565	-1	1	3	0	0.398160210765782
73	-0.256513151340187	0.674273940734565	-1	3	3	0.398160210765782	3.75036615984101
74	0.920337598770857	0.0913374568335712	1	1	3	0	0.165167621628685
74	0.920337598770857	0.0913374568335712	1	3	3	0.165167621628685	1.41657281959776
75	0.453382520470768	0.636941795237362	1	1	1	0	0.236742673239038
76	-0.135840439703315	-0.299450358841568	-1	1	3	0	0.230362915375053
76	-0.135840439703315	-0.299450358841568	-1	3	3	0.230362915375053	2.03611660664489
77	0.652635701932013	-0.826759052462876	-1	1	3	0	0.119314580730168
77	0.652635701932013	-0.826759052462876	-1	3	3	0.119314580730168	0.94171283656403
78	-0.63415639102459	-0.0360168870538473	-1	1	3	0	0.337150921994249
78	-0.63415639102459	-0.0360168870538473	-1	3	3	0.337150921994249	11.2613153335602
79	-0.554209995083511	0.439691182691604	1	1	3	0	0.410925324900944
79	-0.554209995083511	0.439691182691604	1	3	3	0.410925324900944	5.15165445309748
80	0.530241535510868	-0.518771832808852	1	1	3	0	0.147961814997706
80	0.530241535510868	-0.518771832808852	1	3	3	0.147961814997706	0.992814646832661
81	-0.165525010321289	0.0320937996730208	-1	1	1	0	0.235618842034257
82	-0.155530134681612	-0.757475272286683	-1	1	1	0	0.0951135948447449
83	-0.525377037003636	-0.589448048733175	1	1	3	0	0.242118048756485
83	-0.525377037003636	-0.589448048733175	1	3	3	0.242118048756485	5.44549242492596
84	0.990964613854885	0.261895001400262	1	1	3	0	0.173629915490634
84	0.990964613854885	0.261895001400262	1	3	3	0.173629915490634	0.669383817837061
85	-0.715549383778125	0.635342297609895	1	1	3	0	0.491227204255799
85	-0.715549383778125	0.635342297609895	1	3	3	0.491227204255799	0.842189759026903
86	0.719975599553436	0.790481630712748	-1	1	2	0	0.228732011839323
86	0.719975599553436	0.790481630712748	-1	2	3	0.228732011839323	2.34565121104859
86	0.719975599553436	0.790481630712748	-1	3	3	2.34565121104859	12.4584174054032
87	0.683555813040584	-0.711950975470245	1	1	3	0	0.124425547329635
87	0.683555813040584	-0.711950975470245	1	3	3	0.124425547329635	3.8153174534278
88	0.678623348474503	0.0540008172392845	-1	1	3	0	0.182938430750414
88	0.678623348474503	0.0540008172392845	-1	3	3	0.182938430750414	5.56038062009159
89	0.25846866518259	-0.63166745333001	-1	1	3	0	0.160195165873202
89	0.25846866518259	-0.63166745333001	-1	3	3	0.160195165873202	0.900199349641772
90	0.634635027032346	0.89954187721014	1	1	3	0	0.28540646093219
90	0.634635027032346	0.89954187721014	1	3	3	0.28540646093219	3.37244465273213
91	-0.275856244377792	-0.999281324446201	1	1	3	0	0.174120637479551
91	-0.275856244377792	-0.999281324446201	1	3	3	0.174120637479551	2.99221962760122
92	0.451664588414133	0.874528447631747	-1	1	1	0	0.141895503191558
93	-0.225412018597126	0.361247803550214	1	1	3	0	0.335221272576917
93	-0.225412018597126	0.361247803550214	1	3	3	0.335221272576917	2.46843249497442
94	0.320569913834333	0.361003825906664	1	1	3	0	0.255105675719428
94	0.320569913834333	0.361003825906664	1	3	3	0.255105675719428	0.846188383996065
95	-0.972703282255679	-0.724744932260364	1	1	2	0	0.207324715783843
95	-0.972703282255679	-0.724744932260364	1	2	3	0.207324715783843	3.09033719315287
95	-0.972703282255679	-0.724744932260364	1	3	3	3.09033719315287	5.21423098994029
96	-0.321744023356587	0.628012120258063	1	1	3	0	0.40195453679329
96	-0.321744023356587	0.628012120258063	1	3	3	0.40195453679329	0.947670014359539
97	-0.669918591622263	-0.887343876529485	1	1	2	0	0.189006266080809
97	-0.669918591622263	-0.887343876529485	1	2	3	0.189006266080809	2.12846836828178
97	-0.669918591622263	-0.887343876529485	1	3	3	2.12846836828178	8.04245637042753
98	0.377698748372495	0.489859731867909	-1	1	3	0	0.264420703762171
98	0.377698748372495	0.489859731867909	-1	3	3	0.264420703762171	2.66764241578179
99	0.92120664473623	-0.66355140414089	1	1	3	0	0.113191592682721
99	0.92120664473623	-0.66355140414089	1	3	3	0.113191592682721	0.406947243810843
100	-0.852281520608813	0.882598841562867	-1	1	1	0	0.399451672115785
101	0.00282985717058182	-0.46440140157938	1	1	3	0	0.197916512649268
101	0.00282985717058182	-0.46440140157938	1	3	3	0.197916512649268	2.11144223588893
102	-0.498497402761132	0.375827427022159	-1	1	3	0	0.387076881208809
102	-0.498497402761132	0.375827427022159	-1	3	3	0.387076881208809	0.698246314124821
103	0.51608890062198	0.224717427510768	-1	1	3	0	0.216107329759544
103	0.51608890062198	0.224717427510768	-1	3	3	0.216107329759544	10.4191641329906
104	0.0347551815211773	-0.242031809873879	1	1	3	0	0.217688996397399
104	0.0347551815211773	-0.242031809873879	1	3	3	0.217688996397399	8.97012417220863
105	0.434577194973826	-0.827295309398323	-1	1	3	0	0.133023348530648
105	0.434577194973826	-0.827295309398323	-1	3	3	0.133023348530648	1.17091836153642
106	-0.181451570242643	-0.881519495975226	1	1	1	0	0.0083934891125731
107	-0.304515653289855	-0.374540023971349	1	1	3	0	0.241398412524557
107	-0.304515653289855	-0.374540023971349	1	3	3	0.241398412524557	2.46566428346432
108	0.85773824993521	0.835919748991728	1	1	3	0	0.247287509900476
108	0.85773824993521	0.835919748991728	1	3	3	0.247287509900476	7.57377084780601
109	0.9028679006733	0.0188275617547333	-1	1	1	0	0.0188037117279497
110	-0.835575047880411	0.528118726331741	1	1	3	0	0.494381657519267
110	-0.835575047880411	0.528118726331741	1	3	3	0.494381657519267	0.54664700783332
111	0.28947566403076	-0.877755438443273	1	1	3	0	0.139469420120458
111	0.28947566403076	-0.877755438443273	1	3	3	0.139469420120458	0.377920339692045
112	0.169038279913366	0.640871057286859	1	1	3	0	0.316517112023923
112	0.169038279913366	0.640871057286859	1	3	3	0.316517112023923	3.89323090965781
113	-0.101838677190244	0.0999719006940722	1	1	3	0	0.276542967523503
113	-0.101838677190244	0.0999719006940722	1	3	3	0.276542967523503	3.49161378102155
114	-0.414697676431388	0.699054353870451	1	1	3	0	0.43630298992336
114	-0.414697676431388	0.699054353870451	1	3	3	0.43630298992336	10.6967872602135
115	0.0765034751966596	-0.316755750682205	1	1	3	0	0.205373712008154
115	0.0765034751966596	-0.316755750682205	1	3	3	0.205373712008154	11.9737324124211
116	-0.97278559114784	0.696485262364149	-1	1	3	0	0.575993481976153
116	-0.97278559114784	0.696485262364149	-1	3	3	0.575993481976153	6.14354945213026
117	-0.981060303281993	-0.164616208989173	-1	1	3	0	0.376035278583575
117	-0.981060303281993	-0.164616208989173	-1	3	3	0.376035278583575	2.39990484718426
118	0.50568788824603	0.522273372393101	-1	1	3	0	0.252081805526129
118	0.50568788824603	0.522273372393101	-1	3	3	0.252081805526129	6.67004163683866
119	0.336692593060434	0.0299112387001514	-1	1	3	0	0.214448633897637
119	0.336692593060434	0.0299112387001514	-1	3	3	0.214448633897637	3.75265799094653
120	0.482423809822649	0.33131616609171	1	1	3	0	0.231807455988034
120	0.482423809822649	0.33131616609171	1	3	3	0.231807455988034	1.1183955408625
121	0.942504107020795	-0.52752783196047	-1	1	3	0	0.119874450394525
121	0.942504107020795	-0.52752783196047	-1	3	3	0.119874450394525	22.9335668328901
122	-0.642069673165679	-0.937887679319829	1	1	2	0	0.177663075690401
122	-0.642069673165679	-0.937887679319829	1	2	3	0.177663075690401	2.09363370014374
122	-0.642069673165679	-0.937887679319829	1	3	3	2.09363370014374	4.38117046296863
123	0.883356604259461	-0.175408084411174	1	1	3	0	0.147242159292805
123	0.883356604259461	-0.175408084411174	1	3	3	0.147242159292805	1.72426453667819
124	0.750961479730904	-0.861606405116618	1	1	3	0	0.111628564939919
124	0.750961479730904	-0.861606405116618	1	3	3	0.111628564939919	2.95312717959831
125	-0.628321618307382	0.741968834772706	1	1	3	0	0.496014988194425
125	-0.628321618307382	0.741968834772706	1	3	3	0.496014988194425	5.01301411510527
126	0.930186456535012	-0.920559930615127	-1	1	3	0	0.0990958659266986
126	0.930186456535012	-0.920559930615127	-1	3	3	0.0990958659266986	12.8540416628299
127	-0.8998390333727	0.300270923878998	-1	1	3	0	0.455554745183038
127	-0.8998390333727	0.300270923878998	-1	3	3	0.455554745183038	7.55177886739404
128	-0.307957036420703	0.504720742348582	1	1	3	0	0.375327811175456
128	-0.307957036420703	0.504720742348582	1	3	3	0.375327811175456	3.30220124530069
129	0.135461492929608	-0.559063707478344	-1	1	3	0	0.176654936350623
129	0.135461492929608	-0.559063707478344	-1	3	3	0.176654936350623	14.0536008539607
130	-0.124323931988329	0.39149931166321	-1	1	3	0	0.323556108094328
130	-0.124323931988329	0.39149931166321	-1	3	3	0.323556108094328	8.51793033180556
131	0.571190468966961	0.487829111982137	1	1	3	0	0.239794004301942
131	0.571190468966961	0.487829111982137	1	3	3	0.239794004301942	4.81411696953827
132	0.892853513825685	0.112875239923596	-1	1	3	0	0.169266057360022
132	0.892853513825685	0.112875239923596	-1	3	3	0.169266057360022	8.96380774924064
133	-0.938587688375264	0.745045772287995	-1	1	3	0	0.580144753959515
133	-0.938587688375264	0.745045772287995	-1	3	3	0.580144753959515	4.61651382676995
134	-0.25313538685441	-0.748416010756046	1	1	3	0	0.195160169977368
134	-0.25313538685441	-0.748416010756046	1	3	3	0.195160169977368	7.52791594884452
135	0.0935088847763836	-0.565167696680874	-1	1	3	0	0.179849902340035
135	0.0935088847763836	-0.565167696680874	-1	3	3	0.179849902340035	7.7187616652122
136	-0.539722638670355	-0.852300552651286	-1	1	3	0	0.213828001569177
136	-0.539722638670355	-0.852300552651286	-1	3	3	0.213828001569177	10.3760264140103
137	0.159184610471129	0.0457504941150546	-1	1	3	0	0.236215343086834
137	0.159184610471129	0.0457504941150546	-1	3	3	0.236215343086834	12.4418812089133
138	0.610380340833217	0.29969701403752	1	1	3	0	0.214030655436186
138	0.610380340833217	0.29969701403752	1	3	3	0.214030655436186	4.84346089948435
139	-0.484080989845097	0.648162167519331	1	1	3	0	0.440355562224998
139	-0.484080989845097	0.648162167519331	1	3	3	0.440355562224998	6.22524042525115
140	0.962554058991373	-0.401766152121127	1	1	3	0	0.126380956821634
140	0.962554058991373	-0.401766152121127	1	3	3	0.126380956821634	16.0651751553652
141	-0.408906067255884	-0.890011228621006	-1	1	3	0	0.196548326445162
141	-0.408906067255884	-0.890011228621006	-1	3	3	0.196548326445162	1.24098968449455
142	-0.25947537412867	0.0607941169291735	1	1	3	0	0.293417251747159
142	-0.25947537412867	0.0607941169291735	1	3	3	0.293417251747159	2.11134785188363
143	-0.234230258502066	-0.685789175331593	1	1	3	0	0.199473512770439
143	-0.234230258502066	-0.685789175331593	1	3	3	0.199473512770439	2.31778738185768
144	0.0694957654923201	-0.880371349863708	-1	1	3	0	0.155481594331223
144	0.0694957654923201	-0.880371349863708	-1	3	3	0.155481594331223	3.61944862476353
145	-0.468630098272115	-0.612481695599854	-1	1	3	0	0.232649986252181
145	-0.468630098272115	-0.612481695599854	-1	3	3	0.232649986252181	0.491148547700693
146	0.902955164667219	-0.821619428694248	1	1	3	0	0.105548822795507
146	0.902955164667219	-0.821619428694248	1	3	3	0.105548822795507	6.70465421683887
147	0.893259559758008	0.760704662185162	1	1	3	0	0.233967792986679
147	0.893259559758008	0.760704662185162	1	3	3	0.233967792986679	8.2614818698134
148	-0.11165489628911	0.229650264140218	1	1	3	0	0.296519652564277
148	-0.11165489628911	0.229650264140218	1	3	3	0.296519652564277	10.6392568491624
149	0.466411502566189	0.421580619644374	-1	1	3	0	0.244458479476295
149	0.466411502566189	0.421580619644374	-1	3	3	0.244458479476295	7.99076125903275
150	-0.569536679890007	-0.911864949390292	1	1	2	0	0.19155778547907
150	-0.569536679890007	-0.911864949390292	1	2	2	0.19155778547907	1.55882549910574
151	-0.756436320021749	-0.397570363711566	-1	1	3	0	0.299134676787095
151	-0.756436320021749	-0.397570363711566	-1	3	3	0.299134676787095	5.48113197760252
152	-0.14815538469702	0.735038772691041	-1	1	3	0	0.388797248849267
152	-0.14815538469702	0.735038772691041	-1	3	3	0.388797248849267	1.92179636429071
153	0.329760428983718	-0.931712517980486	-1	1	3	0	0.133049926417575
153	0.329760428983718	-0.931712517980486	-1	3	3	0.133049926417575	0.646858484673759
154	-0.306465432513505	0.879384285304695	-1	1	3	0	0.45231813772372
154	-0.306465432513505	0.879384285304695	-1	3	3	0.45231813772372	1.18598772149654
155	-0.410378579515964	0.525668812450022	1	1	3	0	0.399208810204863
155	-0.410378579515964	0.525668812450022	1	3	3	0.399208810204863	1.39461840359579
156	0.354504184331745	-0.070260074455291	1	1	3	0	0.202163906858348
156	0.354504184331745	-0.070260074455291	1	3	3	0.202163906858348	0.671535150620224
157	-0.377612987998873	-0.0705738379620016	-1	1	3	0	0.29148265250298
157	-0.377612987998873	-0.0705738379620016	-1	3	3	0.29148265250298	4.91923285807179
158	-0.553242026828229	-0.367142347618937	-1	1	3	0	0.274379108422536
158	-0.553242026828229	-0.367142347618937	-1	3	3	0.274379108422536	1.5712751325815
159	0.0763771352358162	0.985786884091794	1	1	3	0	0.393927070649407
159	0.0763771352358162	0.985786884091794	1	3	3	0.393927070649407	3.84728439512372
160	0.273846694733948	-0.0434194863773882	-1	1	3	0	0.213327347203127
160	0.273846694733948	-0.0434194863773882	-1	3	3	0.213327347203127	11.7452129332316
161	0.0162002434954047	-0.242091915104538	1	1	3	0	0.219711393755458
161	0.0162002434954047	-0.242091915104538	1	3	3	0.219711393755458	1.72689808464783
162	-0.568486732896417	-0.50380038889125	1	1	3	0	0.258217974302582
162	-0.568486732896417	-0.50380038889125	1	3	3	0.258217974302582	6.29997375905032
163	-0.374448968097568	-0.81190072093159	1	1	3	0	0.200885489441589
163	-0.374448968097568	-0.81190072093159	1	3	3	0.200885489441589	2.31902387113075
164	-0.369595222640783	0.754214563407004	1	1	3	0	0.438502630601797
164	-0.369595222640783	0.754214563407004	1	3	3	0.438502630601797	2.97008305055332
165	0.326558260247111	0.324143530335277	1	1	3	0	0.249698340903976
165	0.326558260247111	0.324143530335277	1	3	3	0.249698340903976	3.68981751294635
166	0.798583982512355	-0.0290641421452165	-1	1	3	0	0.16527931411622
166	0.798583982512355	-0.0290641421452165	-1	3	3	0.16527931411622	2.2694137291821
167	-0.478443674277514	-0.801797919441015	-1	1	3	0	0.212678959283668
167	-0.478443674277514	-0.801797919441015	-1	3	3	0.212678959283668	2.61928463373759
168	-0.276156296022236	-0.914338108152151	1	1	3	0	0.181702368728441
168	-0.276156296022236	-0.914338108152151	1	3	3	0.181702368728441	12.3765306620409
169	0.834398401901126	0.336551731452346	1	1	3	0	0.194909935499869
169	0.834398401901126	0.336551731452346	1	3	3	0.194909935499869	2.10999851296119
170	-0.150325565598905	0.719467938877642	-1	1	3	0	0.386200888302
170	-0.150325565598905	0.719467938877642	-1	3	3	0.386200888302	5.6376395145524
171	0.598466159310192	-0.847705258522183	-1	1	3	0	0.121313148783027
171	0.598466159310192	-0.847705258522183	-1	3	3	0.121313148783027	11.7158163059347
172	-0.843205929733813	-0.135762643069029	1	1	3	0	0.356089662891413
172	-0.843205929733813	-0.135762643069029	1	3	3	0.356089662891413	0.724766158670088
173	0.153729448560625	-0.229292768985033	-1	1	3	0	0.206427613106424
173	0.153729448560625	-0.229292768985033	-1	3	3	0.206427613106424	3.27276391206064
174	-0.584007939323783	-0.823832746595144	1	1	2	0	0.217022750580012
174	-0.584007939323783	-0.823832746595144	1	2	3	0.217022750580012	1.81263411904454
174	-0.584007939323783	-0.823832746595144	1	3	3	1.81263411904454	12.8878433231885
175	-0.62427994934842	-0.938073673285544	1	1	2	0	0.179200411056381
175	-0.62427994934842	-0.938073673285544	1	2	2	0.179200411056381	1.44013962880337
176	-0.881887993775308	0.552877920679748	-1	1	3	0	0.512265925060562
176	-0.881887993775308	0.552877920679748	-1	3	3	0.512265925060562	1.05456434458998
177	0.611061688978225	-0.71914035314694	1	1	3	0	0.128555394468116
177	0.611061688978225	-0.71914035314694	1	3	3	0.128555394468116	5.04213594412015
178	0.530726489145309	-0.999473532661796	-1	1	3	0	0.116321848708631
178	0.530726489145309	-0.999473532661796	-1	3	3	0.116321848708631	0.385408395156744
179	0.772028167266399	-0.480500044301152	-1	1	3	0	0.133646307233829
179	0.772028167266399	-0.480500044301152	-1	3	3	0.133646307233829	0.503150728085345
180	-0.212573864031583	0.365888173691928	1	1	3	0	0.333850048882362
180	-0.212573864031583	0.365888173691928	1	3	3	0.333850048882362	0.645630622012626
181	-0.989646130707115	0.333850502502173	1	1	3	0	0.484544480661127
181	-0.989646130707115	0.333850502502173	1	3	3	0.484544480661127	6.02387699944921
182	0.46527061611414	0.212367544416338	-1	1	3	0	0.220304213983875
182	0.46527061611414	0.212367544416338	-1	3	3	0.220304213983875	1.34384289715049
183	-0.73221642151475	0.320252035278827	-1	1	3	0	0.423136637194475
183	-0.73221642151475	0.320252035278827	-1	3	3	0.423136637194475	1.78756239512257
184	-0.335577999707311	0.113473372533917	-1	1	3	0	0.312932215748411
184	-0.335577999707311	0.113473372533917	-1	3	3	0.312932215748411	4.78278287725083
185	0.937501010019332	-0.354022245854139	1	1	3	0	0.131065774147727
185	0.937501010019332	-0.354022245854139	1	3	3	0.131065774147727	1.11926447427505
186	0.787900047376752	-0.614871702156961	1	1	3	0	0.123974393853018
186	0.787900047376752	-0.614871702156961	1	3	3	0.123974393853018	3.44975226309209
187	-0.321430178824812	0.0943021052516997	-1	1	3	0	0.307762093223359
187	-0.321430178824812	0.0943021052516997	-1	3	3	0.307762093223359	10.7548463344796
188	0.92813753709197	-0.858114514034241	1	1	3	0	0.10234350918846
188	0.92813753709197	-0.858114514034241	1	3	3	0.10234350918846	3.70314385437369
189	0.298338212072849	0.0883416654542089	-1	1	3	0	0.225081519292392
189	0.298338212072849	0.0883416654542089	-1	3	3	0.225081519292392	3.97021836895569
190	-0.84033131133765	-0.53546271706	1	1	3	0	0.291166484424072
190	-0.84033131133765	-0.53546271706	1	3	3	0.291166484424072	4.43178202459523
191	-0.601319921668619	-0.636771650053561	-1	1	3	0	0.24560757869358
191	-0.601319921668619	-0.636771650053561	-1	3	3	0.24560757869358	9.51608938350296
192	-0.483106998261064	0.222677423618734	1	1	3	0	0.355794433043904
192	-0.483106998261064	0.222677423618734	1	3	3	0.355794433043904	0.416036045588478
193	-0.566259924788028	0.500164634082466	1	1	3	0	0.426099632187071
193	-0.566259924788028	0.500164634082466	1	3	3	0.426099632187071	6.84744841279511
194	0.177912160754204	-0.55937070492655	-1	1	3	0	0.17291834433739
194	0.177912160754204	-0.55937070492655	-1	3	3	0.17291834433739	15.2195203980032
195	-0.877661797218025	0.214773056097329	1	1	3	0	0.431677311289723
195	-0.877661797218025	0.214773056097329	1	3	3	0.431677311289723	2.15050172441555
196	0.858189579565078	0.940728443209082	-1	1	2	0	0.172449887674234
196	0.858189579565078	0.940728443209082	-1	2	3	0.172449887674234	3.14885934334912
196	0.858189579565078	0.940728443209082	-1	3	3	3.14885934334912	6.81348926441074
197	-0.248487502336502	-0.431088394951075	1	1	3	0	0.228185859825887
197	-0.248487502336502	-0.431088394951075	1	3	3	0.228185859825887	0.562876683746774
198	-0.650660079438239	0.29457280645147	1	1	3	0	0.401046492028653
198	-0.650660079438239	0.29457280645147	1	3	3	0.401046492028653	18.8803949225535
199	-0.76755791157484	-0.606451623141766	-1	1	3	0	0.270971611851932
199	-0.76755791157484	-0.606451623141766	-1	3	3	0.270971611851932	23.2114997595954
200	0.745658987667412	-0.18199485167861	-1	1	3	0	0.15721809762178
200	0.745658987667412	-0.18199485167861	-1	3	3	0.15721809762178	0.974064817663648
201	-0.494766937103122	-0.617609960027039	1	1	3	0	0.235106688890989
201	-0.494766937103122	-0.617609960027039	1	3	3	0.235106688890989	5.83469978682331
202	0.747753058560193	0.807782957330346	-1	1	2	0	0.217507691359666
202	0.747753058560193	0.807782957330346	-1	2	3	0.217507691359666	2.44099021967673
202	0.747753058560193	0.807782957330346	-1	3	3	2.44099021967673	4.9420083718414
203	-0.370563437230885	-0.766790101770312	1	1	1	0	0.0968084558647967
204	0.372624951414764	0.64677955955267	1	1	3	0	0.286729201607358
204	0.372624951414764	0.64677955955267	1	3	3	0.286729201607358	6.40062615946309
205	0.842344893142581	0.0598747432231903	-1	1	3	0	0.169055293672092
205	0.842344893142581	0.0598747432231903	-1	3	3	0.169055293672092	12.3847886235433
206	-0.277040390763432	0.652313772123307	-1	1	3	0	0.397875045239726
206	-0.277040390763432	0.652313772123307	-1	3	3	0.397875045239726	3.08766208785172
207	-0.386056063231081	-0.879914565943182	1	1	3	0	0.195298990032793
207	-0.386056063231081	-0.879914565943182	1	3	3	0.195298990032793	0.458421449483281
208	-0.558143443893641	0.711438488680869	1	1	3	0	0.471656932859602
208	-0.558143443893641	0.711438488680869	1	3	3	0.471656932859602	3.11959979110126
209	-0.491155810654163	-0.239681653678417	-1	1	3	0	0.283495995075474
209	-0.491155810654163	-0.239681653678417	-1	3	3	0.283495995075474	10.6591349348916
210	0.587009273003787	-0.0139988269656897	-1	1	3	0	0.185111226340396
210	0.587009273003787	-0.0139988269656897	-1	3	3	0.185111226340396	1.95374090588549
211	0.2516685789451	-0.166103847790509	1	1	3	0	0.202871891706896
211	0.2516685789451	-0.166103847790509	1	3	3	0.202871891706896	3.55738694981831
212	0.950022669043392	0.354492058977485	-1	1	3	0	0.185618893645366
212	0.950022669043392	0.354492058977485	-1	3	3	0.185618893645366	11.0051374810271
213	-0.345895423553884	-0.689214578829706	-1	1	3	0	0.210566462625095
213	-0.345895423553884	-0.689214578829706	-1	3	3	0.210566462625095	3.93725335538381
214	0.657935063820332	-0.809106563683599	1	1	1	0	0.116731881347654
215	0.0714296801015735	-0.265884438529611	-1	1	3	0	0.211199642378415
215	0.0714296801015735	-0.265884438529611	-1	3	3	0.211199642378415	18.7035466523702
216	-0.959200015757233	-0.221243966836482	-1	1	3	0	0.361563955268354
216	-0.959200015757233	-0.221243966836482	-1	3	3	0.361563955268354	7.0581623214634
217	0.546142177656293	-0.75582863483578	1	1	3	0	0.13038290074213
217	0.546142177656293	-0.75582863483578	1	3	3	0.13038290074213	6.3843107348923
218	0.513024287763983	0.780474361497909	1	1	3	0	0.285769617997913
218	0.513024287763983	0.780474361497909	1	3	3	0.285769617997913	4.27936969707894
219	-0.631213244050741	-0.309003442991525	1	1	3	0	0.293702050088159
219	-0.631213244050741	-0.309003442991525	1	3	3	0.293702050088159	1.8192302774781
220	-0.35952757159248	-0.66009433940053	1	1	3	0	0.215116025048851
220	-0.35952757159248	-0.66009433940053	1	3	3	0.215116025048851	3.65967425873583
221	0.357605662662536	-0.63690809533	1	1	3	0	0.15204918269431
221	0.357605662662536	-0.63690809533	1	3	3	0.15204918269431	13.6928712953142
222	0.948121761903167	0.915817449335009	-1	1	2	0	0.152576164613894
222	0.948121761903167	0.915817449335009	-1	2	3	0.152576164613894	3.17288057621695
222	0.948121761903167	0.915817449335009	-1	3	3	3.17288057621695	4.01860538281185
223	0.574620037339628	0.0705292886123061	1	1	3	0	0.194302367970911
223	0.574620037339628	0.0705292886123061	1	3	3	0.194302367970911	1.83484494237753
224	0.508942360058427	0.0421134703792632	1	1	3	0	0.197956334396539
224	0.508942360058427	0.0421134703792632	1	3	3	0.197956334396539	0.429343769473737
225	-0.670585342217237	0.24647517921403	-1	1	3	0	0.395436879824299
225	-0.670585342217237	0.24647517921403	-1	3	3	0.395436879824299	10.4056236452875
226	0.435564361978322	0.935095767024904	-1	1	3	0	0.320931152003329
226	0.435564361978322	0.935095767024904	-1	3	3	0.320931152003329	1.36888305732464
227	0.173535588663071	0.65799169940874	1	1	3	0	0.318521180388203
227	0.173535588663071	0.65799169940874	1	3	3	0.318521180388203	4.64937886734893
228	-0.124294504523277	0.587987196166068	-1	1	3	0	0.356952160360191
228	-0.124294504523277	0.587987196166068	-1	3	3	0.356952160360191	1.69406890512148
229	-0.0506754540838301	-0.220043446402997	-1	1	3	0	0.229700645919056
229	-0.0506754540838301	-0.220043446402997	-1	3	3	0.229700645919056	0.811370964863432
230	-0.445599061902612	-0.979341595899314	-1	1	3	0	0.191442911300714
230	-0.445599061902612	-0.979341595899314	-1	3	3	0.191442911300714	2.34567192818569
231	-0.691824476234615	0.355061217676848	-1	1	3	0	0.421957148405799
231	-0.691824476234615	0.355061217676848	-1	3	3	0.421957148405799	0.753279455301183
232	-0.942908174358308	-0.759760573506355	-1	1	3	0	0.273974412855428
232	-0.942908174358308	-0.759760573506355	-1	3	3	0.273974412855428	7.40545940319536
233	-0.027083448600024	0.741502558346838	1	1	3	0	0.367143919105741
233	-0.027083448600024	0.741502558346838	1	3	3	0.367143919105741	7.47352337442743
234	0.576051882002503	-0.0381432715803385	1	1	3	0	0.183894705496011
234	0.576051882002503	-0.0381432715803385	1	3	3	0.183894705496011	0.253477862401892
235	0.0439136205241084	-0.964961280114949	1	1	3	0	0.150961293201726
235	0.0439136205241084	-0.964961280114949	1	3	3	0.150961293201726	9.34566341731881
236	-0.397954901214689	0.872477280441672	-1	1	3	0	0.471857488424184
236	-0.397954901214689	0.872477280441672	-1	3	3	0.471857488424184	7.77658427883681
237	0.884238573722541	0.885603160131723	-1	1	2	0	0.170476224002236
237	0.884238573722541	0.885603160131723	-1	2	2	0.170476224002236	2.15186319020018
238	-0.5134237552993	0.396988464519382	-1	1	3	0	0.394124570367079
238	-0.5134237552993	0.396988464519382	-1	3	3	0.394124570367079	1.22006565088353
239	-0.540374628268182	0.557515024673194	1	1	3	0	0.432856274929591
239	-0.540374628268182	0.557515024673194	1	3	3	0.432856274929591	2.0492609355484
240	-0.747231420129538	-0.286932872142643	1	1	3	0	0.314696975050582
240	-0.747231420129538	-0.286932872142643	1	3	3	0.314696975050582	8.77244291026306
241	0.49825889384374	-0.569312248844653	1	1	3	0	0.146595243942953
241	0.49825889384374	-0.569312248844653	1	3	3	0.146595243942953	12.866935740691
242	-0.130704776849598	0.0570546644739807	1	1	3	0	0.274606904956032
242	-0.130704776849598	0.0570546644739807	1	3	3	0.274606904956032	10.2210137115651
243	-0.531522687990218	0.189474267419428	1	1	3	0	0.358511018855905
243	-0.531522687990218	0.189474267419428	1	3	3	0.358511018855905	4.61742653000231
244	-0.0411736438982189	0.85426259925589	1	1	3	0	0.391184391931576
244	-0.0411736438982189	0.85426259925589	1	3	3	0.391184391931576	3.42706304398183
245	0.618494381196797	-0.710604399442673	1	1	3	0	0.128626329138937
245	0.618494381196797	-0.710604399442673	1	3	3	0.128626329138937	1.44064159164002
246	-0.32886957982555	0.922116974834353	-1	1	3	0	0.467291937035084
246	-0.32886957982555	0.922116974834353	-1	3	3	0.467291937035084	0.998241412201062
247	-0.276061452925205	0.649534676689655	1	1	3	0	0.39712813336038
247	-0.276061452925205	0.649534676689655	1	3	3	0.39712813336038	6.10665450202277
248	0.391830063425004	0.491278615314513	1	1	3	0	0.262745318900821
248	0.391830063425004	0.491278615314513	1	3	3	0.262745318900821	1.54599252452522
249	0.409543538000435	-0.0430466737598181	-1	1	3	0	0.199370681273851
249	0.409543538000435	-0.0430466737598181	-1	3	3	0.199370681273851	2.55122251687963
250	-0.116543611045927	0.16536058858037	1	1	3	0	0.287842373962467
250	-0.116543611045927	0.16536058858037	1	3	3	0.287842373962467	5.62572518398778
251	0.0121077615767717	-0.716326887253672	-1	1	3	0	0.173685048582251
251	0.0121077615767717	-0.716326887253672	-1	3	3	0.173685048582251	0.838508472672656
252	0.131010171025991	-0.318619355559349	1	1	3	0	0.199666036743734
252	0.131010171025991	-0.318619355559349	1	3	3	0.199666036743734	4.86686222663108
253	0.467320882249624	-0.134262541308999	1	1	3	0	0.18505798457101
253	0.467320882249624	-0.134262541308999	1	3	3	0.18505798457101	4.75465035881479
254	-0.923168517649174	0.348659461829811	-1	1	3	0	0.472186912190523
254	-0.923168517649174	0.348659461829811	-1	3	3	0.472186912190523	0.825654445636912
255	-0.412418234627694	-0.206690155901015	-1	1	3	0	0.277085177030807
255	-0.412418234627694	-0.206690155901015	-1	3	3	0.277085177030807	6.24259556786062
256	-0.63126290589571	0.0895691583864391	1	1	3	0	0.35848146243126
256	-0.63126290589571	0.0895691583864391	1	3	3	0.35848146243126	7.88214377054216
257	0.00219652149826288	0.0220544589683414	1	1	3	0	0.252494606122785
257	0.00219652149826288	0.0220544589683414	1	3	3	0.252494606122785	6.09750349793797
258	-0.102588679641485	0.48344843974337	1	1	3	0	0.335116917217114
258	-0.102588679641485	0.48344843974337	1	3	3	0.335116917217114	5.1322281591268
259	0.0304780071601272	-0.0705795283429325	1	1	3	0	0.237681644503238
259	0.0304780071601272	-0.0705795283429325	1	3	3	0.237681644503238	2.50427634832302
260	-0.325231284368783	-0.168725797906518	1	1	3	0	0.270348984909397
260	-0.325231284368783	-0.168725797906518	1	3	3	0.270348984909397	2.05956688550558
261	0.894058775156736	-0.798715085722506	-1	1	3	0	0.107240501246815
261	0.894058775156736	-0.798715085722506	-1	3	3	0.107240501246815	1.31411235542262
262	-0.533760071732104	0.885348411276937	1	1	3	0	0.508271197952783
262	-0.533760071732104	0.885348411276937	1	3	3	0.508271197952783	0.997667206643101
263	-0.433710839599371	-0.830849169753492	-1	1	3	0	0.204975765030224
263	-0.433710839599371	-0.830849169753492	-1	3	3	0.204975765030224	10.3957866256686
264	-0.390288266353309	-0.0269497106783092	1	1	3	0	0.299804380119365
264	-0.390288266353309	-0.0269497106783092	1	3	3	0.299804380119365	0.809073466832812
265	0.887638576794416	-0.359480042941868	-1	1	3	0	0.134008282533749
265	0.887638576794416	-0.359480042941868	-1	3	3	0.134008282533749	24.0570156652236
266	0.51185152400285	-0.397558902855963	-1	1	3	0	0.158658755564529
266	0.51185152400285	-0.397558902855963	-1	3	3	0.158658755564529	2.52849985613118
267	-0.829474271740764	-0.516762984916568	-1	1	3	0	0.292310490588881
267	-0.829474271740764	-0.516762984916568	-1	3	3	0.292310490588881	7.63597757986389
268	-0.366946429014206	0.179503862280399	1	1	3	0	0.32854902426238
268	-0.366946429014206	0.179503862280399	1	3	3	0.32854902426238	0.874588816223477
269	-0.581313733011484	-0.506319671403617	-1	1	3	0	0.259552228607856
269	-0.581313733011484	-0.506319671403617	-1	3	3	0.259552228607856	2.15046892920982
270	-0.0670339954085648	0.579905456397682	1	1	3	0	0.345478579856692
270	-0.0670339954085648	0.579905456397682	1	3	3	0.345478579856692	6.69267861812284
271	-0.610899695195258	0.767382943537086	1	1	3	0	0.498001075782637
271	-0.610899695195258	0.767382943537086	1	3	3	0.498001075782637	4.82688245901181
272	-0.180145742371678	-0.919993086718023	1	1	3	0	0.172696763724967
272	-0.180145742371678	-0.919993086718023	1	3	3	0.172696763724967	7.84654498878099
273	-0.156067600939423	-0.0693905269727111	1	1	3	0	0.261072841566136
273	-0.156067600939423	-0.0693905269727111	1	3	3	0.261072841566136	0.959757068635816
274	-0.594926973804832	0.937484870664775	-1	1	3	0	0.537896864492062
274	-0.594926973804832	0.937484870664775	-1	3	3	0.537896864492062	3.42669467856247
275	0.390897219534963	0.275072897318751	-1	1	3	0	0.235933210060767
275	0.390897219534963	0.275072897318751	-1	3	3	0.235933210060767	5.36780552579127
276	0.825472672935575	0.790869313292205	1	1	3	0	0.245711783689311
276	0.825472672935575	0.790869313292205	1	3	3	0.245711783689311	4.38689685736565
277	-0.248393246904016	0.0217333240434527	1	1	3	0	0.286152304798983
277	-0.248393246904016	0.0217333240434527	1	3	3	0.286152304798983	3.42835737865611
278	-0.282753906212747	-0.851615794468671	1	1	3	0	0.188110578557528
278	-0.282753906212747	-0.851615794468671	1	3	3	0.188110578557528	0.617315807300744
279	-0.419563317205757	0.947233536280692	-1	1	1	0	0.321173471196477
280	0.207325820811093	-0.44639383116737	-1	1	3	0	0.180296206827874
280	0.207325820811093	-0.44639383116737	-1	3	3	0.180296206827874	0.666577649818488
281	0.0751710776239634	-0.0605336898006499	-1	1	3	0	0.233599598954899
281	0.0751710776239634	-0.0605336898006499	-1	3	3	0.233599598954899	1.76375879802743
282	-0.580238626804203	0.00219146348536015	-1	1	3	0	0.33451307366574
282	-0.580238626804203	0.00219146348536015	-1	3	3	0.33451307366574	1.56311278666728
283	0.189983798656613	0.280221988447011	-1	1	3	0	0.261538110976395
283	0.189983798656613	0.280221988447011	-1	3	3	0.261538110976395	2.96427414402629
284	-0.298863204196095	0.867380556184798	1	1	3	0	0.447905735324305
284	-0.298863204196095	0.867380556184798	1	3	3	0.447905735324305	4.13452315897058
285	-0.176822094712406	-0.0377769907936454	1	1	3	0	0.267999059136938
285	-0.176822094712406	-0.0377769907936454	1	3	3	0.267999059136938	5.9967894926342
286	-0.367125974502414	-0.643639975693077	-1	1	3	0	0.217718711907174
286	-0.367125974502414	-0.643639975693077	-1	3	3	0.217718711907174	18.6255909751088
287	-0.785825712606311	0.0964746414683759	-1	1	1	0	0.267212269124569
288	-0.3671058062464	0.629524506628513	1	1	3	0	0.411486443019455
288	-0.3671058062464	0.629524506628513	1	3	3	0.411486443019455	1.32934894077074
289	0.838344283867627	0.317283642478287	1	1	3	0	0.19266069739927
289	0.838344283867627	0.317283642478287	1	3	3	0.19266069739927	1.41964551970636
290	-0.0623555961064994	-0.728288553189486	1	1	3	0	0.179198555435185
290	-0.0623555961064994	-0.728288553189486	1	3	3	0.179198555435185	1.00144017063039
291	-0.678662176243961	-0.729429445695132	1	1	2	0	0.238478705760066
291	-0.678662176243961	-0.729429445695132	1	2	3	0.238478705760066	1.99284009890273
291	-0.678662176243961	-0.729429445695132	1	3	3	1.99284009890273	13.3529972177729
292	-0.993180788122118	0.0630054716020823	-1	1	1	0	0.0823132145883572
293	-0.43561917450279	0.828179192263633	1	1	3	0	0.470294973598943
293	-0.43561917450279	0.828179192263633	1	3	3	0.470294973598943	13.0195276317509
294	-0.298984047956765	-0.302501039579511	1	1	3	0	0.249560762359121
294	-0.298984047956765	-0.302501039579511	1	3	3	0.249560762359121	3.28835050072127
295	0.522317083086818	0.940308419987559	-1	1	2	0	0.285466716997502
295	0.522317083086818	0.940308419987559	-1	2	2	0.285466716997502	1.51478662580415
296	0.750473377294838	0.340424758382142	-1	1	3	0	0.203656878254686
296	0.750473377294838	0.340424758382142	-1	3	3	0.203656878254686	0.465947764164582
297	-0.724189782515168	-0.580421985127032	-1	1	3	0	0.268632645604394
297	-0.724189782515168	-0.580421985127032	-1	3	3	0.268632645604394	4.81806419437255
298	0.681052218191326	-0.171599726192653	1	1	3	0	0.163225869762654
298	0.681052218191326	-0.171599726192653	1	3	3	0.163225869762654	2.12969816788382
299	-0.454479187726974	-0.144296610727906	1	1	3	0	0.291941139928476
299	-0.454479187726974	-0.144296610727906	1	3	3	0.291941139928476	0.662241582652908
300	-0.449154039379209	0.552992983255535	1	1	3	0	0.412623035499635
300	-0.449154039379209	0.552992983255535	1	3	3	0.412623035499635	0.856246995803133
301	-0.601388425100595	-0.889821649994701	-1	1	1	0	0.0156583677090094
302	0.55111153004691	-0.591088894288987	1	1	3	0	0.141225895719998
302	0.55111153004691	-0.591088894288987	1	3	3	0.141225895719998	10.206422804171
303	0.580096493009478	0.717725847382098	-1	1	3	0	0.267809416493309
303	0.580096493009478	0.717725847382098	-1	3	3	0.267809416493309	0.483211014874876
304	-0.358376355376095	0.403519794810563	-1	1	3	0	0.365917900606292
304	-0.358376355376095	0.403519794810563	-1	3	3	0.365917900606292	3.90780360331147
305	-0.63888638978824	-0.395788024645299	-1	1	3	0	0.282311225931897
305	-0.63888638978824	-0.395788024645299	-1	3	3	0.282311225931897	3.7149136636927
306	-0.938596379477531	-0.0978037365712225	-1	1	3	0	0.380641215294393
306	-0.938596379477531	-0.0978037365712225	-1	3	3	0.380641215294393	4.60056982746254
307	-0.685691209044307	-0.251951414626092	-1	1	3	0	0.310545620054197
307	-0.685691209044307	-0.251951414626092	-1	3	3	0.310545620054197	6.97299434704801
308	0.0405796924605966	0.043711198028177	-1	1	3	0	0.250391744803673
308	0.0405796924605966	0.043711198028177	-1	3	3	0.250391744803673	0.518305298320937
309	0.758086489513516	-0.256727145984769	-1	1	3	0	0.15051369851997
309	0.758086489513516	-0.256727145984769	-1	3	3	0.15051369851997	2.22125649165169
310	0.352111175190657	0.224852054845542	-1	1	3	0	0.234588134577006
310	0.352111175190657	0.224852054845542	-1	3	3	0.234588134577006	16.1286698341705
311	-0.724236575420946	0.962362471502274	1	1	3	0	0.581005626705446
311	-0.724236575420946	0.962362471502274	1	3	3	0.581005626705446	1.8169768738937
312	-0.789042471908033	-0.320170338265598	-1	1	3	0	0.316048911451452
312	-0.789042471908033	-0.320170338265598	-1	3	3	0.316048911451452	0.740901855025063
313	-0.417963981628418	0.279418997466564	1	1	3	0	0.35430297455171
313	-0.417963981628418	0.279418997466564	1	3	3	0.35430297455171	2.17024936711884
314	-0.908913527149707	0.214653838425875	1	1	3	0	0.438449482815503
314	-0.908913527149707	0.214653838425875	1	3	3	0.438449482815503	2.35949005479719
315	0.889839031733572	-0.659952754154801	1	1	3	0	0.115187936502478
315	0.889839031733572	-0.659952754154801	1	3	3	0.115187936502478	1.28973639157277
316	0.0843353937380016	-0.396574215497822	1	1	3	0	0.196567545106583
316	0.0843353937380016	-0.396574215497822	1	3	3	0.196567545106583	0.777141460194091
317	-0.72840427653864	-0.81405026698485	1	1	2	0	0.204890920055782
317	-0.72840427653864	-0.81405026698485	1	2	2	0.204890920055782	1.79860877020326
318	-0.566470693796873	0.385258167982101	-1	1	3	0	0.402351203897213
318	-0.566470693796873	0.385258167982101	-1	3	3	0.402351203897213	4.1511149631973
319	-0.141544914804399	0.730195933487266	1	1	3	0	0.386577104383406
319	-0.141544914804399	0.730195933487266	1	3	3	0.386577104383406	3.8616158931292
320	-0.692362309899181	-0.752590419258922	1	1	2	0	0.228763448833958
320	-0.692362309899181	-0.752590419258922	1	2	3	0.228763448833958	2.05791121260555
320	-0.692362309899181	-0.752590419258922	1	3	3	2.05791121260555	2.82559534744507
321	-0.820343683008105	0.703404317609966	-1	1	3	0	0.535571776955766
321	-0.820343683008105	0.703404317609966	-1	3	3	0.535571776955766	18.9188131742235
322	0.3302122191526	-0.341120571363717	1	1	3	0	0.178715386810793
322	0.3302122191526	-0.341120571363717	1	3	3	0.178715386810793	2.78737442990104
323	-0.800815960392356	-0.822416231967509	1	1	2	0	0.195141112526537
323	-0.800815960392356	-0.822416231967509	1	2	2	0.195141112526537	0.451962137844486
324	0.371010909322649	-0.578336454927921	1	1	3	0	0.155522005447192
324	0.371010909322649	-0.578336454927921	1	3	3	0.155522005447192	1.60342292686094
325	0.36261950712651	0.757942968513817	1	1	3	0	0.304637531497732
325	0.36261950712651	0.757942968513817	1	3	3	0.304637531497732	2.43183146085625
326	0.985679814592004	-0.565063970163465	-1	1	3	0	0.115133120157261
326	0.985679814592004	-0.565063970163465	-1	3	3	0.115133120157261	2.66736383071796
327	-0.492941821925342	-0.914746989961714	-1	1	1	0	0.1188472677362
328	-0.70713964663446	0.890231289900839	-1	1	1	0	0.0498773969016282
329	0.331130195874721	-0.0446922997944057	1	1	1	0	0.177686786733473
330	-0.768416284117848	-0.765181808266789	1	1	2	0	0.216107166213121
330	-0.768416284117848	-0.765181808266789	1	2	3	0.216107166213121	2.32116252781507
330	-0.768416284117848	-0.765181808266789	1	3	3	2.32116252781507	3.05099597765719
331	-0.264425768982619	0.993525973055512	1	1	3	0	0.468922162043964
331	-0.264425768982619	0.993525973055512	1	3	3	0.468922162043964	11.6774086521039
332	-0.802760955877602	-0.795834224671125	1	1	2	0	0.202881783888629
332	-0.802760955877602	-0.795834224671125	1	2	2	0.202881783888629	0.63782014073518
333	0.849900639615953	-0.645478025078773	-1	1	3	0	0.118364824213165
333	0.849900639615953	-0.645478025078773	-1	3	3	0.118364824213165	14.4804098716275
334	-0.621132859494537	0.714714926667511	-1	1	1	0	0.195882244217311
335	0.904624848626554	-0.959992381278425	-1	1	3	0	0.0984109720986693
335	0.904624848626554	-0.959992381278425	-1	3	3	0.0984109720986693	5.07888456473664
336	0.978815456386656	-0.245205438695848	-1	1	3	0	0.135564897001244
336	0.978815456386656	-0.245205438695848	-1	3	3	0.135564897001244	5.39798125686941
337	0.994820404332131	-0.724402262363583	1	1	3	0	0.105831645818386
337	0.994820404332131	-0.724402262363583	1	3	3	0.105831645818386	1.06590235920819
338	-0.165492245927453	-0.492935894522816	-1	1	3	0	0.212244538532459
338	-0.165492245927453	-0.492935894522816	-1	3	3	0.212244538532459	20.8454437485325
339	-0.545788373332471	0.00571523141115904	-1	1	3	0	0.329380204475215
339	-0.545788373332471	0.00571523141115904	-1	3	3	0.329380204475215	0.379210807042627
340	-0.953501565381885	-0.830582990776747	-1	1	3	0	0.265846800571518
340	-0.953501565381885	-0.830582990776747	-1	3	3	0.265846800571518	4.29279150512079
341	-0.635929795913398	-0.808882881887257	-1	1	3	0	0.229289265574395
341	-0.635929795913398	-0.808882881887257	-1	3	3	0.229289265574395	7.1868261742922
342	0.602704793214798	0.163505036849529	1	1	3	0	0.200709991872893
342	0.602704793214798	0.163505036849529	1	3	3	0.200709991872893	0.666318286538722
343	-0.428921689745039	-0.669466206803918	1	1	3	0	0.221669749482926
343	-0.428921689745039	-0.669466206803918	1	3	3	0.221669749482926	7.27018293420923
344	-0.0822496982291341	0.0245079365558922	1	1	3	0	0.263707289268592
344	-0.0822496982291341	0.0245079365558922	1	3	3	0.263707289268592	1.63894188488667
345	0.413509129546583	-0.636584071442485	1	1	3	0	0.147881949559149
345	0.413509129546583	-0.636584071442485	1	3	3	0.147881949559149	1.11151864984605
346	-0.0372372795827687	-0.315658735111356	-1	1	3	0	0.217511166642947
346	-0.0372372795827687	-0.315658735111356	-1	3	3	0.217511166642947	5.6417827954336
347	-0.284049334935844	0.912820965051651	1	1	3	0	0.454817421893207
347	-0.284049334935844	0.912820965051651	1	3	3	0.454817421893207	5.55515121592052
348	0.853166958782822	-0.294676993042231	1	1	3	0	0.140827951324242
348	0.853166958782822	-0.294676993042231	1	3	3	0.140827951324242	2.71657903480437
349	0.0521888257935643	0.669632651377469	-1	1	3	0	0.340420912760645
349	0.0521888257935643	0.669632651377469	-1	3	3	0.340420912760645	1.54395062107202
350	-0.0789185855537653	0.0270166005939245	-1	1	3	0	0.263598868712348
350	-0.0789185855537653	0.0270166005939245	-1	3	3	0.263598868712348	1.80663258313964
351	0.504388873465359	0.66173336096108	1	1	3	0	0.27046242023969
351	0.504388873465359	0.66173336096108	1	3	3	0.27046242023969	17.007053192523
352	-0.609109457582235	-0.773461643606424	-1	1	3	0	0.230277435856273
352	-0.609109457582235	-0.773461643606424	-1	3	3	0.230277435856273	10.1641312748378
353	-0.650164370890707	-0.591249525081366	1	1	3	0	0.257473896143973
353	-0.650164370890707	-0.591249525081366	1	3	3	0.257473896143973	9.53592391654914
354	-0.441979293245822	0.0282182232476771	1	1	3	0	0.31625842376846
354	-0.441979293245822	0.0282182232476771	1	3	3	0.31625842376846	0.989467202450875
355	0.205263106152415	-0.804431971162558	-1	1	3	0	0.15089939842793
355	0.205263106152415	-0.804431971162558	-1	3	3	0.15089939842793	2.77239031677774
356	0.0423552514985204	0.858557821717113	-1	1	3	0	0.375989870539146
356	0.0423552514985204	0.858557821717113	-1	3	3	0.375989870539146	2.21975616461407
357	-0.0802967101335526	0.449309067800641	-1	1	3	0	0.325793520117924
357	-0.0802967101335526	0.449309067800641	-1	3	3	0.325793520117924	1.696406832646
358	0.354719928465784	-0.503852618858218	1	1	3	0	0.162743386480785
358	0.354719928465784	-0.503852618858218	1	3	3	0.162743386480785	0.870589444744292
359	-0.0761013375595212	0.726806991267949	-1	1	3	0	0.373498908523706
359	-0.0761013375595212	0.726806991267949	-1	3	3	0.373498908523706	1.06854311017576
360	-0.944143986329436	-0.583623834885657	-1	1	3	0	0.299382192696204
360	-0.944143986329436	-0.583623834885657	-1	3	3	0.299382192696204	2.4539945250089
361	0.947127959690988	-0.0587774682790041	1	1	3	0	0.151185597393937
361	0.947127959690988	-0.0587774682790041	1	3	3	0.151185597393937	1.37469071917817
362	-0.633707744069397	0.0986773278564215	-1	1	1	0	0.158121088588963
363	-0.324018640909344	-0.397469168063253	-1	1	3	0	0.240985232163993
363	-0.324018640909344	-0.397469168063253	-1	3	3	0.240985232163993	12.9828498648316
364	-0.563619463704526	-0.611138129606843	-1	1	3	0	0.244130174458578
364	-0.563619463704526	-0.611138129606843	-1	3	3	0.244130174458578	3.21213147883032
365	0.949676301795989	0.28874932648614	-1	1	3	0	0.179647649591152
365	0.949676301795989	0.28874932648614	-1	3	3	0.179647649591152	2.7077547603661
366	-0.0341164297424257	-0.868794272653759	1	1	3	0	0.164699400365117
366	-0.0341164297424257	-0.868794272653759	1	3	3	0.164699400365117	12.018784625059
367	-0.745430775918067	0.0590659524314106	1	1	3	0	0.373795659091608
367	-0.745430775918067	0.0590659524314106	1	3	3	0.373795659091608	0.377375744397141
368	0.536745357792825	-0.865687857847661	1	1	3	0	0.123995380396237
368	0.536745357792825	-0.865687857847661	1	3	3	0.123995380396237	11.9432908664908
369	0.708465969655663	0.162766217254102	1	1	3	0	0.190301763586659
369	0.708465969655663	0.162766217254102	1	3	3	0.190301763586659	1.10106331607006
370	0.916392135433853	-0.41361430613324	-1	1	3	0	0.128567967836396
370	0.916392135433853	-0.41361430613324	-1	3	3	0.128567967836396	19.6530097385694
371	-0.65939970407635	-0.60123462928459	1	1	3	0	0.257377391001737
371	-0.65939970407635	-0.60123462928459	1	3	3	0.257377391001737	4.13186139828837
372	0.610483129043132	0.578354487661272	1	1	3	0	0.246016005585449
372	0.610483129043132	0.578354487661272	1	3	3	0.246016005585449	4.48190815536453
373	0.902399378363043	0.0728699979372323	1	1	3	0	0.165123920879757
373	0.902399378363043	0.0728699979372323	1	3	3	0.165123920879757	4.73866590112543
374	0.544872859027237	0.561887119431049	1	1	3	0	0.252135854666152
374	0.544872859027237	0.561887119431049	1	3	3	0.252135854666152	3.29153211310943
375	0.0816471041180193	0.91823141137138	1	1	3	0	0.37984112435375
375	0.0816471041180193	0.91823141137138	1	3	3	0.37984112435375	3.45080812198854
376	0.243377187754959	-0.843520991038531	-1	1	3	0	0.14518544095602
376	0.243377187754959	-0.843520991038531	-1	3	3	0.14518544095602	3.9552272614757
377	-0.633078931365162	0.0861294101923704	1	1	3	0	0.358190543291792
377	-0.633078931365162	0.0861294101923704	1	3	3	0.358190543291792	7.32568610654893
378	0.209911396726966	0.930545472539961	-1	1	3	0	0.358445976589753
378	0.209911396726966	0.930545472539961	-1	3	3	0.358445976589753	4.26715058078442
379	0.744981081690639	-0.940306591801345	-1	1	3	0	0.107642664688905
379	0.744981081690639	-0.940306591801345	-1	3	3	0.107642664688905	7.66884037254623
380	-0.925721203908324	0.377203344833106	1	1	3	0	0.479585981055472
380	-0.925721203908324	0.377203344833106	1	3	3	0.479585981055472	9.09437518027269
381	-0.310210031922907	-0.694160033017397	-1	1	3	0	0.206331875242412
381	-0.310210031922907	-0.694160033017397	-1	3	3	0.206331875242412	8.04896181013464
382	0.023937426507473	-0.0634553120471537	-1	1	3	0	0.239311140552691
382	0.023937426507473	-0.0634553120471537	-1	3	3	0.239311140552691	32.4062467483611
383	0.86011398024857	0.81782865151763	-1	1	2	0	0.182850701826288
383	0.86011398024857	0.81782865151763	-1	2	2	0.182850701826288	2.32457577494572
384	0.415462158154696	-0.33678505057469	1	1	3	0	0.17162936781047
384	0.415462158154696	-0.33678505057469	1	3	3	0.17162936781047	4.15390626519912
385	0.695392828900367	0.730138939805329	1	1	3	0	0.254381211180187
385	0.695392828900367	0.730138939805329	1	3	3	0.254381211180187	12.7465656085438
386	-0.0167186604812741	-0.527611373458058	1	1	3	0	0.193642671534418
386	-0.0167186604812741	-0.527611373458058	1	3	3	0.193642671534418	10.269325443368
387	-0.678704973775893	0.52676396118477	-1	1	3	0	0.456777035871198
387	-0.678704973775893	0.52676396118477	-1	3	3	0.456777035871198	8.13076965431311
388	-0.173359432257712	0.871727766469121	-1	1	1	0	0.224898801099788
389	-0.54645834164694	0.614652283489704	1	1	3	0	0.44675762894283
389	-0.54645834164694	0.614652283489704	1	3	3	0.44675762894283	11.6628125690687
390	-0.499184135347605	0.318591612391174	1	1	3	0	0.376285736292304
390	-0.499184135347605	0.318591612391174	1	3	3	0.376285736292304	0.507071207071449
391	-0.398657660931349	0.322205091826618	1	1	3	0	0.358486963098307
391	-0.398657660931349	0.322205091826618	1	3	3	0.358486963098307	3.31165136638676
392	0.661684781778604	0.458461068570614	-1	1	3	0	0.225845031164412
392	0.661684781778604	0.458461068570614	-1	3	3	0.225845031164412	0.445502414094489
393	0.00328773492947221	-0.930770811159164	-1	1	3	0	0.156715434998074
393	0.00328773492947221	-0.930770811159164	-1	3	3	0.156715434998074	5.49011445506151
394	-0.988636357709765	-0.753563286270946	1	1	2	0	0.196978024296426
394	-0.988636357709765	-0.753563286270946	1	2	3	0.196978024296426	3.21102114139892
394	-0.988636357709765	-0.753563286270946	1	3	3	3.21102114139892	10.0287443347308
395	0.346086035482585	-0.417513732798398	-1	1	3	0	0.170657911239051
395	0.346086035482585	-0.417513732798398	-1	3	3	0.170657911239051	3.40816052766433
396	-0.0704544526524842	0.768631797283888	-1	1	3	0	0.380316592050867
396	-0.0704544526524842	0.768631797283888	-1	3	3	0.380316592050867	1.73428265670441
397	0.999533145222813	0.43130309227854	1	1	3	0	0.188170015398621
397	0.999533145222813	0.43130309227854	1	3	3	0.188170015398621	2.02222068591422
398	-0.63172422349453	0.02946737408638	-1	1	3	0	0.347949278130402
398	-0.63172422349453	0.02946737408638	-1	3	3	0.347949278130402	1.55508765290469
399	-0.388011326082051	-0.0938109937123954	1	1	3	0	0.28961749918456
399	-0.388011326082051	-0.0938109937123954	1	3	3	0.28961749918456	3.14791467192055
400	-0.780532326549292	0.175989463925362	-1	1	3	0	0.403316580495947
400	-0.780532326549292	0.175989463925362	-1	3	3	0.403316580495947	1.98380667262465
401	0.096659507136792	0.936576993670315	1	1	3	0	0.380474691437999
401	0.096659507136792	0.936576993670315	1	3	3	0.380474691437999	14.1004361221261
402	0.332482313737273	0.84864799445495	-1	1	3	0	0.323611511639443
402	0.332482313737273	0.84864799445495	-1	3	3	0.323611511639443	4.60719066128025
403	0.456488910131156	0.0317336362786591	-1	1	3	0	0.202164815075123
403	0.456488910131156	0.0317336362786591	-1	3	3	0.202164815075123	1.86294444309789
404	-0.429929963313043	-0.056129920296371	-1	1	3	0	0.30137668856945
404	-0.429929963313043	-0.056129920296371	-1	3	3	0.30137668856945	6.59404649833088
405	-0.264414450153708	0.578375627752393	-1	1	3	0	0.38102155823325
405	-0.264414450153708	0.578375627752393	-1	3	3	0.38102155823325	12.0688502126506
406	0.817561828996986	-0.484808168374002	1	1	3	0	0.130356879897775
406	0.817561828996986	-0.484808168374002	1	3	3	0.130356879897775	1.92764366943943
407	-0.102807382121682	-0.372933662030846	1	1	3	0	0.218415186761654
407	-0.102807382121682	-0.372933662030846	1	3	3	0.218415186761654	1.67009978437949
408	-0.569199217949063	-0.0115462602116168	1	1	3	0	0.330394500565571
408	-0.569199217949063	-0.0115462602116168	1	3	3	0.330394500565571	3.65824699861508
409	-0.807652983814478	-0.494964264333248	1	1	3	0	0.292307192271943
409	-0.807652983814478	-0.494964264333248	1	3	3	0.292307192271943	8.40003496457809
410	0.194771083071828	0.849308388307691	1	1	3	0	0.346793523769461
410	0.194771083071828	0.849308388307691	1	3	3	0.346793523769461	6.27124913512372
411	0.401893304195255	-0.0765460403636098	-1	1	3	0	0.196810482036985
411	0.401893304195255	-0.0765460403636098	-1	3	3	0.196810482036985	4.43605456463631
412	-0.473557435907423	-0.0122190192341805	1	1	1	0	0.13041645341785
413	-0.895562006160617	0.370293075684458	-1	1	3	0	0.470778853739003
413	-0.895562006160617	0.370293075684458	-1	3	3	0.470778853739003	1.13410130534952
414	0.24995253700763	0.929033395834267	-1	1	3	0	0.35107551657962
414	0.24995253700763	0.929033395834267	-1	3	3	0.35107551657962	2.03487916115065
415	-0.635874718893319	0.63575179874897	1	1	3	0	0.472139350764719
415	-0.635874718893319	0.63575179874897	1	3	3	0.472139350764719	1.40496087413703
416	0.677876004483551	-0.349078046623617	-1	1	3	0	0.149602816511048
416	0.677876004483551	-0.349078046623617	-1	3	3	0.149602816511048	3.73301547326483
417	-0.170251571573317	0.500508639030159	-1	1	1	0	0.0710516862044078
418	0.426398411858827	0.489395343698561	1	1	3	0	0.257999948106013
418	0.426398411858827	0.489395343698561	1	3	3	0.257999948106013	6.27560600553649
419	0.0907287481240928	0.0595287289470434	-1	1	3	0	0.246130260070972
419	0.0907287481240928	0.0595287289470434	-1	3	3	0.246130260070972	1.02472788730735
420	-0.392451875377446	-0.657260691747069	-1	1	3	0	0.21899666681491
420	-0.392451875377446	-0.657260691747069	-1	3	3	0.21899666681491	8.48869742485917
421	-0.486502191983163	-0.371815855614841	1	1	3	0	0.26475479243268
421	-0.486502191983163	-0.371815855614841	1	3	3	0.26475479243268	0.726095878677114
422	-0.472409773152322	-0.0183458779938519	-1	1	3	0	0.313717489339322
422	-0.472409773152322	-0.0183458779938519	-1	3	3	0.313717489339322	1.05487294104097
423	0.727518459782004	0.896230984479189	-1	1	2	0	0.214511231235488
423	0.727518459782004	0.896230984479189	-1	2	3	0.214511231235488	2.75924895804941
423	0.727518459782004	0.896230984479189	-1	3	3	2.75924895804941	3.46432604206703
424	-0.576715116854757	-0.452637407463044	-1	1	3	0	0.266000921366119
424	-0.576715116854757	-0.452637407463044	-1	3	3	0.266000921366119	7.60715084563481
425	0.0327006629668176	0.0215854062698781	-1	1	3	0	0.248614446674427
425	0.0327006629668176	0.0215854062698781	-1	3	3	0.248614446674427	9.06366354375029
426	0.631115723866969	-0.762067187577486	-1	1	3	0	0.124570206193669
426	0.631115723866969	-0.762067187577486	-1	3	3	0.124570206193669	0.139894134756932
427	0.90110318409279	-0.951516869012266	1	1	3	0	0.0990030731240342
427	0.90110318409279	-0.951516869012266	1	3	3	0.0990030731240342	16.3788600412603
428	0.504326825961471	-0.749454489909112	-1	1	3	0	0.133562597079616
428	0.504326825961471	-0.749454489909112	-1	3	3	0.133562597079616	2.00831273942909
429	0.823738333769143	0.852079961448908	1	1	3	0	0.253567923946372
429	0.823738333769143	0.852079961448908	1	3	3	0.253567923946372	11.3871996581101
430	-0.309040790423751	-0.0465697320178151	-1	1	3	0	0.285059077159176
430	-0.309040790423751	-0.0465697320178151	-1	3	3	0.285059077159176	4.14725776077559
431	0.108905510976911	0.72804230125621	-1	1	3	0	0.340709195049805
431	0.108905510976911	0.72804230125621	-1	3	3	0.340709195049805	0.340852997603766
432	-0.920726181007922	-0.192728826776147	1	1	3	0	0.359768077607723
432	-0.920726181007922	-0.192728826776147	1	3	3	0.359768077607723	0.387580524568595
433	-0.423939635045826	0.317738338839263	-1	1	3	0	0.36223743869334
433	-0.423939635045826	0.317738338839263	-1	3	3	0.36223743869334	27.9685993949808
434	0.969041438773274	-0.921375757548958	-1	1	3	0	0.097149625378439
434	0.969041438773274	-0.921375757548958	-1	3	3	0.097149625378439	1.269829429534
435	-0.585033640265465	0.0293611641973257	1	1	3	0	0.339902332874801
435	-0.585033640265465	0.0293611641973257	1	3	3	0.339902332874801	5.70952195574328
436	0.890595661941916	0.72753988020122	-1	1	2	0	0.182745019644024
436	0.890595661941916	0.72753988020122	-1	2	3	0.182745019644024	2.32439658195844
436	0.890595661941916	0.72753988020122	-1	3	3	2.32439658195844	8.456267134119
437	0.103794091381133	-0.547906786203384	-1	1	3	0	0.180478287390144
437	0.103794091381133	-0.547906786203384	-1	3	3	0.180478287390144	0.359124538098731
438	0.288944271858782	-0.139106027781963	-1	1	3	0	0.201832020152787
438	0.288944271858782	-0.139106027781963	-1	3	3	0.201832020152787	1.16171526758928
439	0.833028403576463	-0.0971921654418111	-1	1	3	0	0.157016458859413
439	0.833028403576463	-0.0971921654418111	-1	3	3	0.157016458859413	5.19010073936911
440	-0.115922842174768	-0.512663139030337	-1	1	3	0	0.205016562679734
440	-0.115922842174768	-0.512663139030337	-1	3	3	0.205016562679734	3.16404313222051
441	-0.348552701529115	0.730925778858364	1	1	3	0	0.428889863725847
441	-0.348552701529115	0.730925778858364	1	3	3	0.428889863725847	7.3662288161355
442	-0.682227483019233	0.725600483361632	1	1	3	0	0.505412486616472
442	-0.682227483019233	0.725600483361632	1	3	3	0.505412486616472	11.757773148066
443	0.000101457815617323	-0.170433384831995	-1	1	3	0	0.229566671867706
443	0.000101457815617323	-0.170433384831995	-1	3	3	0.229566671867706	14.7892599936087
444	-0.130847154185176	0.188690142706037	1	1	3	0	0.293309852207629
444	-0.130847154185176	0.188690142706037	1	3	3	0.293309852207629	11.8061275858278
445	-0.964390004985034	-0.501233539078385	1	1	1	0	0.274137029830284
446	-0.89296510303393	0.0400326107628644	1	1	3	0	0.398600544879377
446	-0.89296510303393	0.0400326107628644	1	3	3	0.398600544879377	8.09447373652381
447	-0.740983800962567	0.330952499993145	-1	1	1	0	0.197430012434272
448	0.076985580381006	0.233017919585109	1	1	3	0	0.270285035033644
448	0.076985580381006	0.233017919585109	1	3	3	0.270285035033644	7.62339467383621
449	0.837077626492828	-0.63854687847197	-1	1	3	0	0.119539715732274
449	0.837077626492828	-0.63854687847197	-1	3	3	0.119539715732274	15.2985196345802
450	0.922833848744631	0.196452523581684	-1	1	3	0	0.173863455959075
450	0.922833848744631	0.196452523581684	-1	3	3	0.173863455959075	9.21832004585349
451	-0.111235074698925	0.255114213097841	1	1	3	0	0.300256035326018
451	-0.111235074698925	0.255114213097841	1	3	3	0.300256035326018	6.69185252674885
452	0.988408411387354	-0.386019335128367	-1	1	3	0	0.125743868029298
452	0.988408411387354	-0.386019335128367	-1	3	3	0.125743868029298	0.147630676019426
453	-0.577015475835651	0.59859322104603	1	1	3	0	0.450007957662784
453	-0.577015475835651	0.59859322104603	1	3	3	0.450007957662784	4.2907679078458
454	-0.79936027340591	0.688947926741093	1	1	3	0	0.526165087435461
454	-0.79936027340591	0.688947926741093	1	3	3	0.526165087435461	3.15131561017541
455	0.17188518261537	-0.282616548240185	1	1	3	0	0.199180221872895
455	0.17188518261537	-0.282616548240185	1	3	3	0.199180221872895	1.78795503196228
456	0.272480501793325	-0.0467667826451361	1	1	3	0	0.213116140067531
456	0.272480501793325	-0.0467667826451361	1	3	3	0.213116140067531	11.3907594659456
457	-0.352836190722883	-0.962093957699835	1	1	3	0	0.18434924595356
457	-0.352836190722883	-0.962093957699835	1	3	3	0.18434924595356	1.90771922923279
458	-0.810956659261137	-0.53861425537616	-1	1	3	0	0.286469513337876
458	-0.810956659261137	-0.53861425537616	-1	3	3	0.286469513337876	10.6485318763755
459	-0.805781879462302	-0.305751225911081	-1	1	3	0	0.321011274201999
459	-0.805781879462302	-0.305751225911081	-1	3	3	0.321011274201999	2.21042702979572
460	0.551384366117418	-0.240382589865476	1	1	3	0	0.168271280149594
460	0.551384366117418	-0.240382589865476	1	3	3	0.168271280149594	6.81501742551143
461	-0.531244249083102	0.381815296132118	-1	1	1	0	0.369744697745984
462	0.745337045751512	0.311693705618382	1	1	3	0	0.201268381303156
462	0.745337045751512	0.311693705618382	1	3	3	0.201268381303156	17.1697931284092
463	0.874346730299294	-0.531658069230616	1	1	3	0	0.123774148041017
463	0.874346730299294	-0.531658069230616	1	3	3	0.123774148041017	2.42580282640303
464	-0.972611293196678	-0.503506308887154	-1	1	3	0	0.316085709693467
464	-0.972611293196678	-0.503506308887154	-1	3	3	0.316085709693467	3.89508976747401
465	0.0684851291589439	-0.224350185133517	-1	1	3	0	0.215949214226174
465	0.0684851291589439	-0.224350185133517	-1	3	3	0.215949214226174	0.499164561817487
466	0.258751371409744	0.832217738032341	-1	1	3	0	0.333017186970819
466	0.258751371409744	0.832217738032341	-1	3	3	0.333017186970819	2.3288189334777
467	-0.520354022271931	0.52637990610674	-1	1	3	0	0.421925130344903
467	-0.520354022271931	0.52637990610674	-1	3	3	0.421925130344903	4.33460472758985
468	-0.690766845829785	-0.946747943758965	1	1	2	0	0.171100301055959
468	-0.690766845829785	-0.946747943758965	1	2	3	0.171100301055959	2.26228883596082
468	-0.690766845829785	-0.946747943758965	1	3	3	2.26228883596082	2.99563848455312
469	-0.30197950406	0.142583468928933	-1	1	3	0	0.312230720828557
469	-0.30197950406	0.142583468928933	-1	3	3	0.312230720828557	8.86067767437914
470	-0.638276098761708	-0.367708388250321	-1	1	3	0	0.286215428311773
470	-0.638276098761708	-0.367708388250321	-1	3	3	0.286215428311773	2.31398704048154
471	0.549572095274925	-0.722661866340786	-1	1	3	0	0.132335972752661
471	0.549572095274925	-0.722661866340786	-1	3	3	0.132335972752661	2.08565633542554
472	0.257699521258473	0.365600097924471	-1	1	3	0	0.263858033390044
472	0.257699521258473	0.365600097924471	-1	3	3	0.263858033390044	5.441887756646
473	0.608984757214785	0.105211590416729	-1	1	3	0	0.194333223881107
473	0.608984757214785	0.105211590416729	-1	3	3	0.194333223881107	4.33358802605653
474	-0.889507758896798	-0.531610261648893	1	1	2	0	0.288757145271949
474	-0.889507758896798	-0.531610261648893	1	2	2	0.288757145271949	1.80146329708306
475	0.382421443238854	-0.616337055806071	1	1	3	0	0.151726820197764
475	0.382421443238854	-0.616337055806071	1	3	3	0.151726820197764	7.89379765155177
476	-0.642956587020308	-0.0488297017291188	1	1	3	0	0.336475171059916
476	-0.642956587020308	-0.0488297017291188	1	3	3	0.336475171059916	8.36632525340443
477	-0.66854357579723	0.62204767158255	-1	1	3	0	0.476637641870979
477	-0.66854357579723	0.62204767158255	-1	3	3	0.476637641870979	0.805470127334616
478	-0.949662342201918	-0.684545860160142	-1	1	3	0	0.285436377644236
478	-0.949662342201918	-0.684545860160142	-1	3	3	0.285436377644236	0.410575240911115
479	-0.205690131988376	-0.413736545015126	-1	1	3	0	0.22530109584174
479	-0.205690131988376	-0.413736545015126	-1	3	3	0.22530109584174	1.69002862295855
480	0.934448696672916	-0.774396666325629	1	1	3	0	0.106382196455727
480	0.934448696672916	-0.774396666325629	1	3	3	0.106382196455727	1.23427542716133
481	-0.584001956507564	0.767695683520287	1	1	1	0	0.112837958561131
482	0.0729996999725699	-0.211522006895393	-1	1	3	0	0.216848741004408
482	0.0729996999725699	-0.211522006895393	-1	3	3	0.216848741004408	11.0653406128133
483	0.262720699422061	0.248433153145015	-1	1	3	0	0.248220420738804
483	0.262720699422061	0.248433153145015	-1	3	3	0.248220420738804	2.01203529165664
484	-0.0768625475466251	-0.446551498491317	-1	1	3	0	0.207808387751287
484	-0.0768625475466251	-0.446551498491317	-1	3	3	0.207808387751287	4.21789770041981
485	-0.594660754781216	-0.458811750169843	-1	1	3	0	0.267571125354081
485	-0.594660754781216	-0.458811750169843	-1	3	3	0.267571125354081	7.21754415368271
486	-0.422481445595622	0.0137221235781908	1	1	3	0	0.310928413014271
486	-0.422481445595622	0.0137221235781908	1	3	3	0.310928413014271	0.755563486188946
487	-0.236087793018669	0.708810243755579	-1	1	3	0	0.400979352617646
487	-0.236087793018669	0.708810243755579	-1	3	3	0.400979352617646	6.95165103124623
488	-0.536339859478176	0.452908589038998	-1	1	3	0	0.40997047385643
488	-0.536339859478176	0.452908589038998	-1	3	3	0.40997047385643	3.0113860162798
489	0.742265865206718	0.0317748719826341	-1	1	3	0	0.175250332157862
489	0.742265865206718	0.0317748719826341	-1	3	3	0.175250332157862	1.1424564323648
490	0.989055591169745	0.695432904642075	-1	1	2	0	0.160205191408724
490	0.989055591169745	0.695432904642075	-1	2	3	0.160205191408724	2.32688385690168
490	0.989055591169745	0.695432904642075	-1	3	3	2.32688385690168	4.67821826411663
491	-0.273867558687925	-0.542275211773813	1	1	3	0	0.218602954525069
491	-0.273867558687925	-0.542275211773813	1	3	3	0.218602954525069	6.20284782464203
492	-0.724391798954457	0.920091853477061	1	1	3	0	0.568898903344703
492	-0.724391798954457	0.920091853477061	1	3	3	0.568898903344703	8.19874016511427
493	0.593698863871396	-0.694263796787709	1	1	3	0	0.131299318058975
493	0.593698863871396	-0.694263796787709	1	3	3	0.131299318058975	9.02337093744559
494	-0.722968847025186	-0.331627978011966	-1	1	3	0	0.304031511525713
494	-0.722968847025186	-0.331627978011966	-1	3	3	0.304031511525713	3.31016689867676
495	0.326853385660797	-0.84844282688573	-1	1	3	0	0.138908134476187
495	0.326853385660797	-0.84844282688573	-1	3	3	0.138908134476187	5.44286664041806
496	-0.149632383137941	0.186371636111289	1	1	3	0	0.295734746977183
496	-0.149632383137941	0.186371636111289	1	3	3	0.295734746977183	4.35604318358167
497	-0.991986632812768	0.928704516496509	-1	1	3	0	0.653149791373677
497	-0.991986632812768	0.928704516496509	-1	3	3	0.653149791373677	2.54488388793101
498	-0.301635650452226	-0.0463361479341984	1	1	3	0	0.284038749035879
498	-0.301635650452226	-0.0463361479341984	1	3	3	0.284038749035879	1.3592023780312
499	-0.323571305256337	-0.134550530463457	1	1	3	0	0.274780145018724
499	-0.323571305256337	-0.134550530463457	1	3	3	0.274780145018724	5.9371211171339
500	-0.60068861534819	0.118082942441106	1	1	3	0	0.358112325925499
500	-0.60068861534819	0.118082942441106	1	3	3	0.358112325925499	19.6832697714058
